{
  "title": "統計検定2級の勉強とか",
  "closed": false,
  "archived": false,
  "created_at": "2024-02-26",
  "comments": [
    {
      "author": "1s22s1",
      "created_at": "2024-02-26",
      "body_markdown": "やっていくっす"
    },
    {
      "author": "1s22s1",
      "created_at": "2024-02-26",
      "body_markdown": "次のチーム名は、◯△□にする。"
    },
    {
      "author": "1s22s1",
      "created_at": "2024-02-27",
      "body_markdown": "https://dev.thanaism.com/2021/06/weekly-report_0531-0606/"
    },
    {
      "author": "1s22s1",
      "created_at": "2024-02-27",
      "body_markdown": "A埋めをやるか〜"
    },
    {
      "author": "1s22s1",
      "created_at": "2024-02-27",
      "body_markdown": "まずは毎日一問づつやっていくぞよ。"
    },
    {
      "author": "1s22s1",
      "created_at": "2024-02-28",
      "body_markdown": "https://www.youtube.com/watch?v=YjwzBtLG5ZI&list=PLgwBBzhgLF0zojwVs5k2-d91Uw2IU-w4p&index=1&pp=iAQB を聞きながら、作業をしています。"
    },
    {
      "author": "1s22s1",
      "created_at": "2024-02-28",
      "body_markdown": "ABC214からやると良さそう。"
    },
    {
      "author": "1s22s1",
      "created_at": "2024-03-01",
      "body_markdown": "AtCoderを良く見たらインプットが公開されているな。"
    },
    {
      "author": "1s22s1",
      "created_at": "2024-03-01",
      "body_markdown": "https://atcoder.jp/contests/abc337/tasks/abc337_c に挑戦してみたけど、分からず。。。"
    },
    {
      "author": "1s22s1",
      "created_at": "2024-03-01",
      "body_markdown": "小数点の精度なかなか難しく理解しにくいぜ。"
    },
    {
      "author": "1s22s1",
      "created_at": "2024-03-01",
      "body_markdown": "AB埋めをする。"
    },
    {
      "author": "1s22s1",
      "created_at": "2024-03-01",
      "body_markdown": "![](https://storage.googleapis.com/zenn-user-upload/5c7358b2c27d-20240301.png)\n\nを見る限り数字として扱った方が速そうだ。"
    },
    {
      "author": "1s22s1",
      "created_at": "2024-03-01",
      "body_markdown": "```julia\nprintln(s[n] == 'o' ? \"Yes\" : \"No\")\n```\n\nif-else-end文より、こちらの書き方の方が格好良さそう。"
    },
    {
      "author": "1s22s1",
      "created_at": "2024-03-01",
      "body_markdown": "```julia\nusing Printf\n\nfunction main()\n    n = parseInt()\n\n    @printf(\"%04d\\n\", n)\nend\n```\n\n標準出力のフォーマット方法です。"
    },
    {
      "author": "1s22s1",
      "created_at": "2024-03-02",
      "body_markdown": "AtCoder、同じ値の入力とか少し意地悪な入力はないのね。多分。"
    },
    {
      "author": "1s22s1",
      "created_at": "2024-03-04",
      "body_markdown": "https://note.com/kirimin_chan/n/n889ec80b6fbc"
    },
    {
      "author": "1s22s1",
      "created_at": "2024-03-04",
      "body_markdown": "第三章までやったので、公式問題集をはじめてみる。"
    },
    {
      "author": "1s22s1",
      "created_at": "2024-03-04",
      "body_markdown": "https://scrapbox.io/yu2ta7ka/AtCoder_AGC_040_A_-_%3E%3C_(300_%E7%82%B9) の書き方分かりやすくてよいねぇ〜。"
    },
    {
      "author": "1s22s1",
      "created_at": "2024-03-04",
      "body_markdown": "https://page.line.me/043wzdck/media/1094436659621852/item/3"
    },
    {
      "author": "1s22s1",
      "created_at": "2024-03-04",
      "body_markdown": "ダブリング\n\nhttps://scrapbox.io/pocala-kyopro/%E3%83%80%E3%83%96%E3%83%AA%E3%83%B3%E3%82%B0"
    },
    {
      "author": "1s22s1",
      "created_at": "2024-03-05",
      "body_markdown": "https://atcoder.jp/contests/abc228/tasks/abc228_b is nigate."
    },
    {
      "author": "1s22s1",
      "created_at": "2024-03-05",
      "body_markdown": "条件の境界とか分岐を考えるのが苦手だなぁ〜。"
    },
    {
      "author": "1s22s1",
      "created_at": "2024-03-06",
      "body_markdown": "https://atcoder-replay.kakira.dev/ とても良いですね。好きです。"
    },
    {
      "author": "1s22s1",
      "created_at": "2024-03-06",
      "body_markdown": "https://www.youtube.com/watch?v=A5AV5HAKjh0"
    },
    {
      "author": "1s22s1",
      "created_at": "2024-03-07",
      "body_markdown": "# ABC186D\n## 考察履歴\n\n- 絶対値記号がついているので単純に括り出せない。\n- |a-b|+|a-c| = |2a-b-c|は成り立たない。\n- 絶対値記号の外し方を考える必要がある。\n- 事前に並び替えると絶対値記号を外せないかな？\n- 式を整理して問題を解く方針にしたい。\n- 典型問題な気がするんだよなぁ〜。"
    },
    {
      "author": "1s22s1",
      "created_at": "2024-03-08",
      "body_markdown": "# ABC201C\n## 考察履歴\n\n- 組み合わせは、１０の四乗。１０つの組み合わせがあるのでそのまま実装して速度が間に合いそう。\n- ?に割り当てられた数字は、何もやらなくて良い。　\n\n## 結果\n\n実装力が不足していて通せなかったです。。。\n"
    }
  ]
}