{
  "title": "基本情報の勉強とか",
  "closed": true,
  "archived": false,
  "created_at": "2024-02-08",
  "comments": [
    {
      "author": "1s22s1",
      "created_at": "2024-02-08",
      "body_markdown": "https://www.fe-siken.com/kakomon/29_haru/q26.html"
    },
    {
      "author": "1s22s1",
      "created_at": "2024-02-08",
      "body_markdown": "よくよく移動表のデータを眺めると経理の概念を理解していなくても解ける。"
    },
    {
      "author": "1s22s1",
      "created_at": "2024-02-09",
      "body_markdown": "AtCoderで、AB埋めをやるかどうか迷っている。いづれにせよ一つずつ終わらせてからだと思いました。"
    },
    {
      "author": "1s22s1",
      "created_at": "2024-02-09",
      "body_markdown": "```julia\nif outcome > min\n    outcome = min\nend\n```\n\nより\n\n```julia\noutcome = min(outcome, min)\n```\n\nの方が格好が良さそう。"
    },
    {
      "author": "1s22s1",
      "created_at": "2024-02-09",
      "body_markdown": "## AtCoder Problems\n\nhttps://kenkoooo.com/atcoder/#/table/"
    },
    {
      "author": "1s22s1",
      "created_at": "2024-02-09",
      "body_markdown": "https://saize-lw.hatenablog.com/entry/2023/09/24/190000 を今後の方針の参考にする。"
    },
    {
      "author": "1s22s1",
      "created_at": "2024-02-09",
      "body_markdown": "https://ifdl.jp/akita/class_old/old/09/lsi2/05/"
    },
    {
      "author": "1s22s1",
      "created_at": "2024-02-10",
      "body_markdown": "https://twitter.com/voluntas/status/1755761069526589884"
    },
    {
      "author": "1s22s1",
      "created_at": "2024-02-10",
      "body_markdown": "気づいたことがあったら https://gihyo.jp/site/inquiry/book?ISBN=978-4-297-13523-2 から問い合わせてみる。"
    },
    {
      "author": "1s22s1",
      "created_at": "2024-02-13",
      "body_markdown": "![](https://storage.googleapis.com/zenn-user-upload/29e96384eea2-20240213.png)\n\nこの例外の表示方法、可愛いわね。\n"
    },
    {
      "author": "1s22s1",
      "created_at": "2024-02-13",
      "body_markdown": "https://twitter.com/hashtag/%E7%AB%B6%E3%83%97%E3%83%AD%E7%AE%97%E6%95%B0?src=hashtag_click&f=live をやっていくぞよ。"
    },
    {
      "author": "1s22s1",
      "created_at": "2024-02-13",
      "body_markdown": "https://twitter.com/drken1215/status/1755993842233610644\n\nちょっと題意が掴めなかったかも。。。"
    },
    {
      "author": "1s22s1",
      "created_at": "2024-02-14",
      "body_markdown": "https://twitter.com/drken1215/status/1754708683328716840 これは少しむずかしい。。。"
    },
    {
      "author": "1s22s1",
      "created_at": "2024-02-14",
      "body_markdown": "https://manabitimes.jp/math/1005"
    },
    {
      "author": "1s22s1",
      "created_at": "2024-02-14",
      "body_markdown": "- Matrix [1, 2]\n- Vector [1][2]\n\nと取得する。なかなか違いを頭に入れにくいのですが、覚えておくと変に時間を消費しなくなるので良い。 \n"
    },
    {
      "author": "1s22s1",
      "created_at": "2024-02-14",
      "body_markdown": "分からない問題は常識的な答えを選ぶと、良さそう。"
    },
    {
      "author": "1s22s1",
      "created_at": "2024-02-16",
      "body_markdown": "## 条件を満たす行を削除する\n\n```julia\narr = [\n    [\"#\", \".\", \"#\"],\n    [\".\", \".\", \".\"],\n    [\".\", \"#\", \".\"],\n]\n\narr = filter(row -> !all(x -> x == \".\", row), arr)\n\n@show arr\n```"
    },
    {
      "author": "1s22s1",
      "created_at": "2024-02-16",
      "body_markdown": "配列の配列をジャグ配列を言うらしい。"
    },
    {
      "author": "1s22s1",
      "created_at": "2024-02-16",
      "body_markdown": "## Vector型をMatrix型に変換する方法\n\n```julia\nA = [[1, 2], [3, 4]]\nB = hcat(A...)\n\n@show typeof(A)\n@show A\n\n@show typeof(B)\n@show B\n```"
    },
    {
      "author": "1s22s1",
      "created_at": "2024-02-16",
      "body_markdown": "Julia言語、行列操作練習帳が必要そう。100本ノックというやつが、それに当たるのかな？"
    },
    {
      "author": "1s22s1",
      "created_at": "2024-02-17",
      "body_markdown": "基本情報が取れたので、閉じます。"
    }
  ]
}