{
  "title": "統計検定３級の勉強とか",
  "closed": true,
  "archived": false,
  "created_at": "2024-02-16",
  "comments": [
    {
      "author": "1s22s1",
      "created_at": "2024-02-16",
      "body_markdown": "https://www.youtube.com/watch?v=sC_-AvJzQEw を眺めています。"
    },
    {
      "author": "1s22s1",
      "created_at": "2024-02-17",
      "body_markdown": "Julia言語で文字列の配列を転置する良い方法は？"
    },
    {
      "author": "1s22s1",
      "created_at": "2024-02-17",
      "body_markdown": "統計検定の教科書をざっと眺めてみた"
    },
    {
      "author": "1s22s1",
      "created_at": "2024-02-17",
      "body_markdown": "## 文字列を倒置する方法\n\n```julia\nfunction changeString2Int(arr)\n    return map(x -> map(y -> y == \".\" ? 0 : 1, x), arr)\nend\n\nfunction changeInt2String(arr)\n    return return map(x -> map(y -> y == 0 ? \".\" : \"#\", x), arr)\nend\n\n\narr = [\n    [\"#\", \"#\", \".\", \"#\"],\n    [\".\", \".\", \".\", \".\"],\n    [\"#\", \"#\", \".\", \"#\"],\n    [\".\", \"#\", \".\", \"#\"]\n]\n\narr = changeString2Int(arr)\n\n@show arr\n\ntranspose(arr)\narr = changeInt2String(arr)\n\n@show arr\n\n```"
    },
    {
      "author": "1s22s1",
      "created_at": "2024-02-17",
      "body_markdown": "https://note.com/wakabame/n/n4219cee04e09"
    },
    {
      "author": "1s22s1",
      "created_at": "2024-02-18",
      "body_markdown": "昨日は第３章　一変数データの分析までやりました。"
    },
    {
      "author": "1s22s1",
      "created_at": "2024-02-19",
      "body_markdown": "ベイズの定理が分からない。。"
    },
    {
      "author": "1s22s1",
      "created_at": "2024-02-20",
      "body_markdown": "https://atcoder.jp/contests/adt_top/"
    },
    {
      "author": "1s22s1",
      "created_at": "2024-02-20",
      "body_markdown": "赤本をやっていきます。"
    },
    {
      "author": "1s22s1",
      "created_at": "2024-02-20",
      "body_markdown": " 書き方を少し変えるだけで、１０倍速いな。。。"
    },
    {
      "author": "1s22s1",
      "created_at": "2024-02-20",
      "body_markdown": "https://note.com/cppkazuo/n/nbbba8a690cc1\n\n読み応えがありました。"
    },
    {
      "author": "1s22s1",
      "created_at": "2024-02-20",
      "body_markdown": "データの分析をやり終わりました。"
    },
    {
      "author": "1s22s1",
      "created_at": "2024-02-20",
      "body_markdown": "https://utu-yobo.com/case/"
    },
    {
      "author": "1s22s1",
      "created_at": "2024-02-21",
      "body_markdown": "変数への代数を間違えがち。。。"
    },
    {
      "author": "1s22s1",
      "created_at": "2024-02-22",
      "body_markdown": "マンハッタン距離という概念を新たに獲得しました。"
    },
    {
      "author": "1s22s1",
      "created_at": "2024-02-22",
      "body_markdown": "シグマを綺麗に書けるようになってきた。"
    },
    {
      "author": "1s22s1",
      "created_at": "2024-02-22",
      "body_markdown": "２０２４年２月１７日から、勉強を開始しました。"
    },
    {
      "author": "1s22s1",
      "created_at": "2024-02-22",
      "body_markdown": "ベイズの定理は各事象が独立前提みたい。"
    },
    {
      "author": "1s22s1",
      "created_at": "2024-02-24",
      "body_markdown": "倍率しても相関係数の値が変わらないのは、なぜだろう？？"
    },
    {
      "author": "1s22s1",
      "created_at": "2024-02-24",
      "body_markdown": "```julia\nfor c ∈ s\n    print(dict[c])\nend\n\nprintln(\"\")\n```\n\nこのコードが速いので、今後使っていこう！！"
    },
    {
      "author": "1s22s1",
      "created_at": "2024-02-25",
      "body_markdown": "`\\notin` inの反意語"
    },
    {
      "author": "1s22s1",
      "created_at": "2024-02-25",
      "body_markdown": "正規分布は、線形性があるらしい。"
    },
    {
      "author": "1s22s1",
      "created_at": "2024-02-25",
      "body_markdown": "https://bellcurve.jp/statistics/glossary/1766.html"
    },
    {
      "author": "1s22s1",
      "created_at": "2024-02-25",
      "body_markdown": "https://bellcurve.jp/statistics/glossary/1781.html"
    },
    {
      "author": "1s22s1",
      "created_at": "2024-02-26",
      "body_markdown": "合格しました。"
    }
  ]
}