{
  "title": "知見01",
  "closed": false,
  "archived": false,
  "created_at": "2023-12-31",
  "comments": [
    {
      "author": "1s22s1",
      "created_at": "2023-12-31",
      "body_markdown": "## パイプライン演算子\n\n```julia\njulia> 1:10 |> sum |> sqrt\n7.416198487095663\n```"
    },
    {
      "author": "1s22s1",
      "created_at": "2024-01-07",
      "body_markdown": "## パッケージ管理方法\n\n```console\nmeiji@penguin:~/src/hitokage/Aoringo$ julia -q\njulia> using Pkg\n\njulia> Pkg.activate(\".\")\n  Activating new project at `~/src/hitokage/Aoringo`\n\njulia> Pkg.add(\"JuliaFormatter\")\n   Resolving package versions...\n   Installed Tokenize ─────── v0.5.27\n   Installed DataStructures ─ v0.18.16\n    Updating `~/src/hitokage/Aoringo/Project.toml`\n  [98e50ef6] + JuliaFormatter v1.0.45\n    Updating `~/src/hitokage/Aoringo/Manifest.toml`\n  [00ebfdb7] + CSTParser v3.3.6\n  [a80b9123] + CommonMark v0.8.12\n  [34da2185] + Compat v4.10.1\n  [a8cc5b0e] + Crayons v4.1.1\n  [864edb3b] + DataStructures v0.18.16\n  [c27321d9] + Glob v1.3.1\n  [682c06a0] + JSON v0.21.4\n  [98e50ef6] + JuliaFormatter v1.0.45\n  [bac558e1] + OrderedCollections v1.6.3\n  [69de0a69] + Parsers v2.8.1\n  [aea7be01] + PrecompileTools v1.2.0\n  [21216c6a] + Preferences v1.4.1\n  [0796e94c] + Tokenize v0.5.27\n  [5c2747f8] + URIs v1.5.1\n  [0dad84c5] + ArgTools v1.1.1\n  [56f22d72] + Artifacts\n  [2a0f44e3] + Base64\n  [ade2ca70] + Dates\n  [f43a241f] + Downloads v1.6.0\n  [7b1f6079] + FileWatching\n  [b77e0a4c] + InteractiveUtils\n  [b27032c2] + LibCURL v0.6.4\n  [76f85450] + LibGit2\n  [8f399da3] + Libdl\n  [56ddb016] + Logging\n  [d6f4376e] + Markdown\n  [a63ad114] + Mmap\n  [ca575930] + NetworkOptions v1.2.0\n  [44cfe95a] + Pkg v1.10.0\n  [de0858da] + Printf\n  [3fa0cd96] + REPL\n  [9a3f8284] + Random\n  [ea8e919c] + SHA v0.7.0\n  [9e88b42a] + Serialization\n  [6462fe0b] + Sockets\n  [fa267f1f] + TOML v1.0.3\n  [a4e569a6] + Tar v1.10.0\n  [cf7118a7] + UUIDs\n  [4ec0a83e] + Unicode\n  [deac9b47] + LibCURL_jll v8.4.0+0\n  [e37daf67] + LibGit2_jll v1.6.4+0\n  [29816b5a] + LibSSH2_jll v1.11.0+1\n  [c8ffd9c3] + MbedTLS_jll v2.28.2+1\n  [14a3606d] + MozillaCACerts_jll v2023.1.10\n  [83775a58] + Zlib_jll v1.2.13+1\n  [8e850ede] + nghttp2_jll v1.52.0+1\n  [3f19e933] + p7zip_jll v17.4.0+2\nPrecompiling project...\n  4 dependencies successfully precompiled in 44 seconds. 12 already precompiled.\n\njulia> exit()\n```"
    },
    {
      "author": "1s22s1",
      "created_at": "2024-01-07",
      "body_markdown": "## ソースコード\n\n```julia\nstrings = readline() |> collect\n\n@show strings\n```\n\n## 入力\n\n```julia\nmeiji@penguin:~/ramenya$ julia sample.jl \npusan\nstrings = ['p', 'u', 's', 'a', 'n']\n```"
    },
    {
      "author": "1s22s1",
      "created_at": "2024-01-07",
      "body_markdown": "## ソースコード\n\n```julia\nfor i = 1:3, j = 1:3, k = 1:3\n    println(\"$i $j $k\")\nend\n```\n\n## 実行結果\n\n```julia\nmeiji@penguin:~/ramenya$ julia sample.jl \n1 1 1\n1 1 2\n1 1 3\n1 2 1\n1 2 2\n1 2 3\n1 3 1\n1 3 2\n1 3 3\n2 1 1\n2 1 2\n2 1 3\n2 2 1\n2 2 2\n2 2 3\n2 3 1\n2 3 2\n2 3 3\n3 1 1\n3 1 2\n3 1 3\n3 2 1\n3 2 2\n3 2 3\n3 3 1\n3 3 2\n3 3 3\n```"
    },
    {
      "author": "1s22s1",
      "created_at": "2024-01-07",
      "body_markdown": "DataStructures.jl"
    }
  ]
}